,Year,Unnamed: 6,Unnamed: 12,Unnamed: 20
0,2022.0,,,Total Sum of Year
1,2020.0,,Sum of Year,
2,2021.0,,8076,26211
3,2020.0,,4043,24236
4,2020.0,,10092,24177
5,2019.0,,2018,24175
6,2016.0,,2017,22168
7,2021.0,,2005,22157
8,2016.0,,8069,22178
9,2010.0,,10076,22179
10,2008.0,,2013,18172
11,1996.0,,2018,18112
12,2021.0,,6058,16125
13,2020.0,,4037,16121
14,2010.0,,2019,16119
15,2020.0,,4030,16140
16,2015.0,,,14136
17,2021.0,,2021,14111
18,2021.0,,4042,14133
19,2005.0,,2018,14112
20,2011.0,,2019,12125
21,2021.0,,8053,12088
22,2017.0,,6062,12090
23,2004.0,,,12086
24,2020.0,,4040,12063
25,2018.0,,2022,12092
26,2006.0,,,12076
27,2008.0,,,12117
28,2008.0,,8049,12071
29,2012.0,,4029,10051
30,2021.0,,2018,10049
31,2016.0,,6041,10075
32,2001.0,,4044,10108
33,1999.0,,4039,10081
34,2020.0,,,10104
35,2012.0,,4023,10080
36,2015.0,,2021,10074
37,2021.0,,4022,10056
38,2010.0,,6024,10046
39,2021.0,,,10072
40,2022.0,,,10101
41,2022.0,,6046,10087
42,2022.0,,8062,10083
43,2022.0,,2017,10060
44,2022.0,,2017,10074
45,2022.0,,,10060
46,2022.0,,2022,8059
47,2022.0,,2020,8047
48,2022.0,,,8058
49,2012.0,,,8078
50,2022.0,,8057,8057
51,2009.0,,,8059
52,2021.0,,2000,8054
53,2020.0,,,8080
54,2008.0,,2003,8030
55,2018.0,,2017,8074
56,2020.0,,6043,8058
57,2018.0,,4019,8034
58,1994.0,,6066,8088
59,2021.0,,4034,8052
60,2021.0,,1998,6024
61,1986.0,,6044,6044
62,2018.0,,4032,6035
63,2018.0,,4015,6036
64,2016.0,,6037,6037
65,2015.0,,4030,6040
66,2019.0,,2010,6046
67,2021.0,,4043,6053
68,2021.0,,4024,6041
69,2020.0,,2022,6063
70,2020.0,,,4043
71,2022.0,,,4029
72,2018.0,,,4041
73,2022.0,,,4012
74,2011.0,,,4037
75,2019.0,,,4042
76,2021.0,,,4023
77,2018.0,,2020,4040
78,2019.0,,,4041
79,2020.0,,,4040
80,2014.0,,,4029
81,2015.0,,2020,4031
82,2017.0,,,4041
83,2010.0,,2017,4025
84,2011.0,,,4017
85,2021.0,,,4038
86,2010.0,,,4028
87,2021.0,,4039,4039
88,2021.0,,,4025
89,2011.0,,,4038
90,2021.0,,,2021
91,2020.0,,,1999
92,2020.0,,,2008
93,2020.0,,,2022
94,2018.0,,,2011
95,2007.0,,,2022
96,2018.0,,,2021
97,2020.0,,2017,2017
98,2021.0,,2003,2003
99,2020.0,,2005,2005
100,2013.0,,,1995
101,2009.0,,,2011
102,2021.0,,,2018
103,2007.0,,,2021
104,2011.0,,,2017
105,2021.0,,2006,2006
106,2004.0,,,2006
107,2010.0,,,2022
108,2004.0,,2001,2001
109,2011.0,,2018,2018
110,2011.0,,,2020
111,2004.0,,,2009
112,2020.0,,,1993
113,2013.0,,,2021
114,2019.0,,2020,2020
115,2013.0,,,2020
116,2006.0,,,2017
117,1988.0,,,2022
118,1989.0,,,2022
119,2019.0,,,2019
120,2014.0,,,2022
121,1995.0,,,2018
122,2020.0,,,2020
123,2002.0,,,2021
124,1991.0,,,1998
125,2011.0,,,2007
126,1984.0,,1994,1994
127,2011.0,,2014,2014
128,2003.0,,2001,2001
129,2017.0,,,2017
130,2021.0,,,2021
131,2017.0,,,2021
132,2018.0,,,1999
133,1993.0,,2008,2008
134,2021.0,,,2020
135,2020.0,,,2018
136,2019.0,,,2019
137,2019.0,,,2009
138,2021.0,,,2018
139,2021.0,,2012,2012
140,2021.0,,,2019
141,2022.0,,,2010
142,2021.0,,2018,2018
143,2022.0,,,2008
144,2021.0,,272049,987456
145,2021.0,,,
146,2022.0,,,
147,2021.0,,,
148,2021.0,,,
149,2021.0,,,
150,2021.0,,,
151,2021.0,,,
152,2021.0,,,
153,2021.0,,,
154,2021.0,,,
155,2021.0,,,
156,2022.0,,,
157,2022.0,,,
158,2021.0,,,
159,2021.0,,,
160,2019.0,,,
161,2010.0,,,
162,2011.0,,,
163,2015.0,,,
164,2020.0,,,
165,2017.0,,,
166,2017.0,,,
167,2021.0,,,
168,2019.0,,,
169,2019.0,,,
170,2020.0,,,
171,2020.0,,,
172,2019.0,,,
173,2020.0,,,
174,2018.0,,,
175,2019.0,,,
176,2019.0,,,
177,2020.0,,,
178,2020.0,,,
179,2019.0,,,
180,2020.0,,,
181,2019.0,,,
182,2020.0,,,
183,2020.0,,,
184,2020.0,,,
185,2019.0,,,
186,2020.0,,,
187,2018.0,,,
188,2020.0,,,
189,2020.0,,,
190,2020.0,,,
191,2020.0,,,
192,2020.0,,,
193,2017.0,,,
194,2020.0,,,
195,2019.0,,,
196,2018.0,,,
197,2019.0,,,
198,2020.0,,,
199,1986.0,,,
200,2017.0,,,
201,2018.0,,,
202,2017.0,,,
203,2006.0,,,
204,2022.0,,,
205,2022.0,,,
206,2022.0,,,
207,2022.0,,,
208,2022.0,,,
209,2022.0,,,
210,2022.0,,,
211,2021.0,,,
212,2022.0,,,
213,2022.0,,,
214,2022.0,,,
215,2021.0,,,
216,2022.0,,,
217,2022.0,,,
218,2022.0,,,
219,2022.0,,,
220,2022.0,,,
221,2022.0,,,
222,2021.0,,,
223,2022.0,,,
224,2022.0,,,
225,2022.0,,,
226,2022.0,,,
227,2021.0,,,
228,2022.0,,,
229,2022.0,,,
230,2022.0,,,
231,2022.0,,,
232,2022.0,,,
233,2021.0,,,
234,2021.0,,,
235,2022.0,,,
236,2022.0,,,
237,2021.0,,,
238,2021.0,,,
239,2021.0,,,
240,2022.0,,,
241,2021.0,,,
242,2004.0,,,
243,1994.0,,,
244,2011.0,,,
245,2013.0,,,
246,2015.0,,,
247,2018.0,,,
248,1999.0,,,
249,2003.0,,,
250,2019.0,,,
251,2019.0,,,
252,1986.0,,,
253,2021.0,,,
254,2006.0,,,
255,2020.0,,,
256,2007.0,,,
257,2018.0,,,
258,1998.0,,,
259,1994.0,,,
260,2007.0,,,
261,2008.0,,,
262,1980.0,,,
263,2017.0,,,
264,2018.0,,,
265,2018.0,,,
266,2015.0,,,
267,2002.0,,,
268,2020.0,,,
269,2001.0,,,
270,2004.0,,,
271,2017.0,,,
272,2021.0,,,
273,1998.0,,,
274,2005.0,,,
275,2005.0,,,
276,2005.0,,,
277,2004.0,,,
278,2010.0,,,
279,2018.0,,,
280,2020.0,,,
281,2006.0,,,
282,2010.0,,,
283,2011.0,,,
284,2008.0,,,
285,2021.0,,,
286,2019.0,,,
287,2003.0,,,
288,2009.0,,,
289,2004.0,,,
290,2020.0,,,
291,2018.0,,,
292,2021.0,,,
293,2011.0,,,
294,2009.0,,,
295,1996.0,,,
296,2020.0,,,
297,2020.0,,,
298,2008.0,,,
299,2021.0,,,
300,2020.0,,,
301,2008.0,,,
302,2018.0,,,
303,2022.0,,,
304,2020.0,,,
305,2022.0,,,
306,2020.0,,,
307,2022.0,,,
308,2020.0,,,
309,2022.0,,,
310,2020.0,,,
311,2004.0,,,
312,2021.0,,,
313,2003.0,,,
314,2005.0,,,
315,1997.0,,,
316,2004.0,,,
317,2021.0,,,
318,2019.0,,,
319,2018.0,,,
320,2018.0,,,
321,2019.0,,,
322,2020.0,,,
323,2007.0,,,
324,2019.0,,,
325,2020.0,,,
326,2019.0,,,
327,2003.0,,,
328,2018.0,,,
329,2020.0,,,
330,2018.0,,,
331,2021.0,,,
332,2018.0,,,
333,2020.0,,,
334,2018.0,,,
335,2020.0,,,
336,2020.0,,,
337,2017.0,,,
338,2018.0,,,
339,2016.0,,,
340,2008.0,,,
341,2017.0,,,
342,2011.0,,,
343,2014.0,,,
344,2001.0,,,
345,2017.0,,,
346,2012.0,,,
347,2017.0,,,
348,2019.0,,,
349,2019.0,,,
350,2000.0,,,
351,2011.0,,,
352,2020.0,,,
353,2018.0,,,
354,2017.0,,,
355,2009.0,,,
356,2009.0,,,
357,2005.0,,,
358,2011.0,,,
359,2018.0,,,
360,2019.0,,,
361,2007.0,,,
362,2015.0,,,
363,1995.0,,,
364,2020.0,,,
365,2007.0,,,
366,2018.0,,,
367,1995.0,,,
368,2020.0,,,
369,2019.0,,,
370,2006.0,,,
371,2015.0,,,
372,2017.0,,,
373,2018.0,,,
374,2019.0,,,
375,2022.0,,,
376,2021.0,,,
377,2021.0,,,
378,2010.0,,,
379,2019.0,,,
380,2019.0,,,
381,2017.0,,,
382,1998.0,,,
383,2005.0,,,
384,2006.0,,,
385,2004.0,,,
386,2021.0,,,
387,2008.0,,,
388,2003.0,,,
389,2017.0,,,
390,2020.0,,,
391,2012.0,,,
392,2020.0,,,
393,2003.0,,,
394,2015.0,,,
395,2019.0,,,
396,2022.0,,,
397,2020.0,,,
398,2021.0,,,
399,2021.0,,,
400,2017.0,,,
401,2020.0,,,
402,2020.0,,,
403,2021.0,,,
404,2020.0,,,
405,2020.0,,,
406,2022.0,,,
407,2020.0,,,
408,2021.0,,,
409,2013.0,,,
410,2018.0,,,
411,2021.0,,,
412,2017.0,,,
413,2019.0,,,
414,2014.0,,,
415,2012.0,,,
416,2020.0,,,
417,2020.0,,,
418,2017.0,,,
419,2019.0,,,
420,2015.0,,,
421,1999.0,,,
422,2018.0,,,
423,2021.0,,,
424,2019.0,,,
425,2010.0,,,
426,2020.0,,,
427,2010.0,,,
428,2022.0,,,
429,2021.0,,,
430,2022.0,,,
431,2022.0,,,
432,2021.0,,,
433,2021.0,,,
434,2014.0,,,
435,2022.0,,,
436,2020.0,,,
437,2019.0,,,
438,2019.0,,,
439,2016.0,,,
440,2011.0,,,
441,2020.0,,,
442,2021.0,,,
443,2017.0,,,
444,2018.0,,,
445,2018.0,,,
446,2022.0,,,
447,2021.0,,,
448,2018.0,,,
449,2016.0,,,
450,2015.0,,,
451,2015.0,,,
452,2008.0,,,
453,2013.0,,,
454,2011.0,,,
455,2017.0,,,
456,2014.0,,,
457,1996.0,,,
458,2020.0,,,
459,2019.0,,,
460,2017.0,,,
461,1998.0,,,
462,2016.0,,,
463,2012.0,,,
464,2017.0,,,
465,1999.0,,,
466,2020.0,,,
467,2009.0,,,
468,2018.0,,,
469,2021.0,,,
470,2002.0,,,
471,2017.0,,,
472,1999.0,,,
473,2012.0,,,
474,2004.0,,,
475,2000.0,,,
476,2018.0,,,
477,2021.0,,,
478,2003.0,,,
479,2018.0,,,
480,2014.0,,,
481,2012.0,,,
482,2000.0,,,
483,2018.0,,,
484,2017.0,,,
485,2009.0,,,
486,2007.0,,,
487,2021.0,,,
488,2013.0,,,
489,1995.0,,,
490,,,,
491,2021.0,,,
492,2000.0,,,
493,2013.0,,,
494,2000.0,,,
495,1996.0,,,
496,2021.0,,,
497,2017.0,,,
498,2019.0,,,
499,1999.0,,,
500,2019.0,,,
501,1995.0,,,
502,2010.0,,,
503,2000.0,,,
504,2003.0,,,
505,2019.0,,,
506,2021.0,,,
507,2003.0,,,
508,2002.0,,,
509,2005.0,,,
510,1999.0,,,
511,1999.0,,,
512,1998.0,,,
513,2013.0,,,
514,2005.0,,,
515,2016.0,,,
516,2008.0,,,
517,2009.0,,,
518,2011.0,,,
519,2020.0,,,
520,2002.0,,,
521,2000.0,,,
522,2018.0,,,
523,1998.0,,,
524,2012.0,,,
525,2019.0,,,
526,2020.0,,,
527,2014.0,,,
528,2014.0,,,
529,2003.0,,,
530,2006.0,,,
531,2003.0,,,
532,2007.0,,,
533,2008.0,,,
534,2009.0,,,
535,2001.0,,,
536,2020.0,,,
537,2014.0,,,
538,2006.0,,,
539,2002.0,,,
540,2003.0,,,
541,2008.0,,,
542,1996.0,,,
543,2014.0,,,
544,2002.0,,,
545,2012.0,,,
546,1995.0,,,
547,2020.0,,,
548,2002.0,,,
549,2003.0,,,
550,1996.0,,,
551,2007.0,,,
552,2017.0,,,
553,1997.0,,,
554,2010.0,,,
555,2016.0,,,
556,2013.0,,,
557,2004.0,,,
558,2013.0,,,
559,2022.0,,,
560,2021.0,,,
561,2022.0,,,
562,2022.0,,,
563,2020.0,,,
564,2012.0,,,
565,2017.0,,,
566,2019.0,,,
567,2020.0,,,
568,2022.0,,,
569,2022.0,,,
570,2022.0,,,
571,2015.0,,,
572,2022.0,,,
573,2019.0,,,
574,2003.0,,,
575,1961.0,,,
576,2007.0,,,
577,2012.0,,,
578,2018.0,,,
579,2012.0,,,
580,2015.0,,,
581,2019.0,,,
582,2021.0,,,
583,2016.0,,,
584,2021.0,,,
585,2004.0,,,
586,2008.0,,,
587,2006.0,,,
588,2015.0,,,
589,2021.0,,,
590,2004.0,,,
591,2011.0,,,
592,2013.0,,,
593,2019.0,,,
594,2013.0,,,
595,2021.0,,,
596,2017.0,,,
597,2022.0,,,
598,2013.0,,,
599,2008.0,,,
600,2011.0,,,
601,2008.0,,,
602,2011.0,,,
603,2020.0,,,
604,2022.0,,,
605,2016.0,,,
606,2019.0,,,
607,2022.0,,,
608,2022.0,,,
609,2022.0,,,
610,2022.0,,,
611,2005.0,,,
612,2022.0,,,
613,2022.0,,,
614,2022.0,,,
615,2019.0,,,
616,2022.0,,,
617,2022.0,,,
618,2020.0,,,
619,2004.0,,,
620,2021.0,,,
621,2021.0,,,
622,2022.0,,,
623,2021.0,,,
624,2021.0,,,
625,2022.0,,,
626,2021.0,,,
627,2022.0,,,
628,2021.0,,,
629,2022.0,,,
630,2021.0,,,
631,2021.0,,,
632,2022.0,,,
633,2022.0,,,
634,2022.0,,,
635,2021.0,,,
636,2000.0,,,
637,2016.0,,,
638,2010.0,,,
639,2013.0,,,
640,2020.0,,,
641,2014.0,,,
642,2014.0,,,
643,2005.0,,,
644,2012.0,,,
645,2013.0,,,
646,2013.0,,,
647,2017.0,,,
648,2015.0,,,
649,2021.0,,,
650,2013.0,,,
651,2008.0,,,
652,1997.0,,,
653,2008.0,,,
654,2015.0,,,
655,2018.0,,,
656,2012.0,,,
657,2015.0,,,
658,2018.0,,,
659,2009.0,,,
660,1963.0,,,
661,1997.0,,,
662,2013.0,,,
663,1993.0,,,
664,2010.0,,,
665,1984.0,,,
666,2018.0,,,
667,2017.0,,,
668,2002.0,,,
669,2019.0,,,
670,1975.0,,,
671,1993.0,,,
672,2006.0,,,
673,2018.0,,,
674,2007.0,,,
675,2010.0,,,
676,2015.0,,,
677,2019.0,,,
678,2019.0,,,
679,2013.0,,,
680,2020.0,,,
681,2013.0,,,
682,2021.0,,,
683,2011.0,,,
684,2011.0,,,
685,2017.0,,,
686,2018.0,,,
687,2018.0,,,
688,2013.0,,,
689,2021.0,,,
690,2021.0,,,
691,2019.0,,,
692,2018.0,,,
693,2019.0,,,
694,2021.0,,,
695,2020.0,,,
696,2016.0,,,
697,2021.0,,,
698,2021.0,,,
699,2021.0,,,
700,2006.0,,,
701,2021.0,,,
702,2017.0,,,
703,2018.0,,,
704,2022.0,,,
705,2020.0,,,
706,2022.0,,,
707,2019.0,,,
708,2021.0,,,
709,2021.0,,,
710,2017.0,,,
711,2016.0,,,
712,2019.0,,,
713,2021.0,,,
714,2018.0,,,
715,2020.0,,,
716,2022.0,,,
717,2020.0,,,
718,2021.0,,,
719,2021.0,,,
720,2001.0,,,
721,2016.0,,,
722,2008.0,,,
723,2015.0,,,
724,2021.0,,,
725,2009.0,,,
726,2013.0,,,
727,2020.0,,,
728,2018.0,,,
729,2019.0,,,
730,1995.0,,,
731,1995.0,,,
732,2020.0,,,
733,2022.0,,,
734,2018.0,,,
735,2018.0,,,
736,1993.0,,,
737,2011.0,,,
738,2017.0,,,
739,2020.0,,,
740,2016.0,,,
741,2010.0,,,
742,2008.0,,,
743,2014.0,,,
744,2012.0,,,
745,2018.0,,,
746,2014.0,,,
747,2014.0,,,
748,2013.0,,,
749,2008.0,,,
750,2017.0,,,
751,2009.0,,,
752,2021.0,,,
753,2022.0,,,
754,2020.0,,,
755,2021.0,,,
756,2003.0,,,
757,2022.0,,,
758,2015.0,,,
759,2016.0,,,
760,2021.0,,,
761,2021.0,,,
762,2011.0,,,
763,2019.0,,,
764,2021.0,,,
765,2019.0,,,
766,2016.0,,,
767,2008.0,,,
768,2021.0,,,
769,2021.0,,,
770,2021.0,,,
771,2022.0,,,
772,2022.0,,,
773,2021.0,,,
774,2022.0,,,
775,2021.0,,,
776,2021.0,,,
777,2021.0,,,
778,2011.0,,,
779,2003.0,,,
780,2016.0,,,
781,1998.0,,,
782,2012.0,,,
783,2020.0,,,
784,2003.0,,,
785,2007.0,,,
786,2005.0,,,
787,2013.0,,,
788,2015.0,,,
789,2013.0,,,
790,2016.0,,,
791,2019.0,,,
792,2020.0,,,
793,2018.0,,,
794,2016.0,,,
795,2020.0,,,
796,2018.0,,,
797,2018.0,,,
798,2020.0,,,
799,2018.0,,,
800,2019.0,,,
801,2013.0,,,
802,2018.0,,,
803,2021.0,,,
804,2016.0,,,
805,2005.0,,,
806,1997.0,,,
807,2004.0,,,
808,2016.0,,,
809,2018.0,,,
810,2018.0,,,
811,2009.0,,,
812,2019.0,,,
813,2022.0,,,
814,2013.0,,,
815,2019.0,,,
816,2013.0,,,
817,2020.0,,,
818,2018.0,,,
819,2018.0,,,
820,2019.0,,,
821,2021.0,,,
822,2019.0,,,
823,2017.0,,,
824,2018.0,,,
825,2020.0,,,
826,2021.0,,,
827,2021.0,,,
828,2011.0,,,
829,2021.0,,,
830,2017.0,,,
831,1994.0,,,
832,2015.0,,,
833,2017.0,,,
834,2021.0,,,
835,2006.0,,,
836,2021.0,,,
837,2021.0,,,
838,2019.0,,,
839,2016.0,,,
840,2020.0,,,
841,2006.0,,,
842,2018.0,,,
843,2019.0,,,
844,2011.0,,,
845,1981.0,,,
846,1988.0,,,
847,2017.0,,,
848,2015.0,,,
849,2019.0,,,
850,1981.0,,,
851,2004.0,,,
852,1998.0,,,
853,1982.0,,,
854,2014.0,,,
855,2012.0,,,
856,2020.0,,,
857,2018.0,,,
858,2021.0,,,
859,2004.0,,,
860,2013.0,,,
861,2017.0,,,
862,2022.0,,,
863,2013.0,,,
864,2011.0,,,
865,2017.0,,,
866,2013.0,,,
867,2020.0,,,
868,2017.0,,,
869,2017.0,,,
870,2005.0,,,
871,2008.0,,,
872,2020.0,,,
873,2011.0,,,
874,2020.0,,,
875,2020.0,,,
876,2016.0,,,
877,2008.0,,,
878,2011.0,,,
879,2022.0,,,
880,2018.0,,,
881,2015.0,,,
882,2020.0,,,
883,2018.0,,,
884,2021.0,,,
885,2018.0,,,
886,2019.0,,,
887,2021.0,,,
888,2020.0,,,
889,2019.0,,,
890,2021.0,,,
891,2019.0,,,
892,2016.0,,,
893,2022.0,,,
894,2022.0,,,
895,2002.0,,,
896,2020.0,,,
897,2013.0,,,
898,2011.0,,,
899,2018.0,,,
900,2018.0,,,
901,2012.0,,,
902,2018.0,,,
903,1999.0,,,
904,2016.0,,,
905,2020.0,,,
906,2021.0,,,
907,1985.0,,,
908,2021.0,,,
909,2019.0,,,
910,2016.0,,,
911,2019.0,,,
912,2002.0,,,
913,2014.0,,,
914,2020.0,,,
915,2008.0,,,
916,1994.0,,,
917,2020.0,,,
918,2021.0,,,
919,2021.0,,,
920,2020.0,,,
921,2018.0,,,
922,2021.0,,,
923,2013.0,,,
924,1990.0,,,
925,2018.0,,,
926,2020.0,,,
927,2010.0,,,
928,1992.0,,,
929,2018.0,,,
930,2011.0,,,
931,2018.0,,,
932,2015.0,,,
933,2001.0,,,
934,2013.0,,,
935,2015.0,,,
936,2016.0,,,
937,2014.0,,,
938,2019.0,,,
939,1989.0,,,
940,2022.0,,,
941,2021.0,,,
942,2015.0,,,
943,2019.0,,,
944,2018.0,,,
945,2011.0,,,
946,2013.0,,,
947,2021.0,,,
948,2017.0,,,
949,1996.0,,,
950,2021.0,,,
951,2014.0,,,
952,2021.0,,,
953,2022.0,,,
954,2012.0,,,
955,2021.0,,,
956,2019.0,,,
957,2009.0,,,
958,2007.0,,,
959,2016.0,,,
960,2018.0,,,
961,2007.0,,,
962,2019.0,,,
963,2019.0,,,
964,2012.0,,,
965,2016.0,,,
966,2003.0,,,
967,2019.0,,,
968,2021.0,,,
969,2020.0,,,
970,2008.0,,,
971,2006.0,,,
972,2012.0,,,
973,2004.0,,,
974,2021.0,,,
975,2021.0,,,
976,2020.0,,,
977,2016.0,,,
978,2022.0,,,
979,1997.0,,,
980,2019.0,,,
981,2009.0,,,
982,2021.0,,,
983,2021.0,,,
984,2016.0,,,
985,2019.0,,,
986,2015.0,,,
987,2016.0,,,
988,2019.0,,,
989,2021.0,,,
990,2004.0,,,
991,2020.0,,,
992,2009.0,,,
993,2009.0,,,
994,2020.0,,,
995,2014.0,,,
996,2017.0,,,
997,2022.0,,,
998,2019.0,,,
999,2020.0,,,
1000,2020.0,,,
1001,2021.0,,,
1002,2019.0,,,
1003,2005.0,,,
1004,2021.0,,,
1005,2021.0,,,
1006,2018.0,,,
1007,2021.0,,,
1008,2020.0,,,
1009,2016.0,,,
1010,2010.0,,,
1011,2019.0,,,
1012,2021.0,,,
1013,2021.0,,,
1014,2022.0,,,
1015,2022.0,,,
1016,2022.0,,,
1017,2011.0,,,
1018,2020.0,,,
1019,2022.0,,,
1020,2022.0,,,
1021,2021.0,,,
1022,2022.0,,,
1023,1997.0,,,
1024,2020.0,,,
1025,2020.0,,,
1026,2020.0,,,
1027,2005.0,,,
1028,2020.0,,,
1029,2005.0,,,
1030,2021.0,,,
1031,2022.0,,,
1032,2022.0,,,
1033,2022.0,,,
1034,2021.0,,,
1035,2021.0,,,
1036,2022.0,,,
1037,2022.0,,,
1038,2021.0,,,
1039,2021.0,,,
1040,2022.0,,,
1041,2021.0,,,
1042,2022.0,,,
1043,2022.0,,,
1044,2021.0,,,
1045,2022.0,,,
1046,2021.0,,,
1047,2022.0,,,
1048,2007.0,,,
1049,2004.0,,,
1050,2011.0,,,
1051,2020.0,,,
1052,2020.0,,,
1053,2021.0,,,
1054,2003.0,,,
1055,2018.0,,,
1056,2021.0,,,
1057,2015.0,,,
1058,2017.0,,,
1059,1997.0,,,
1060,1998.0,,,
1061,2019.0,,,
1062,2019.0,,,
1063,2021.0,,,
1064,2017.0,,,
1065,2019.0,,,
1066,2018.0,,,
1067,2015.0,,,
1068,2021.0,,,
1069,2019.0,,,
1070,2018.0,,,
1071,2017.0,,,
1072,2019.0,,,
1073,2002.0,,,
1074,2021.0,,,
1075,1997.0,,,
1076,1993.0,,,
1077,2017.0,,,
1078,1998.0,,,
1079,2002.0,,,
1080,2019.0,,,
1081,2004.0,,,
1082,2019.0,,,
1083,2018.0,,,
1084,2014.0,,,
1085,1998.0,,,
1086,2009.0,,,
1087,2009.0,,,
1088,2019.0,,,
1089,2021.0,,,
1090,2000.0,,,
1091,2017.0,,,
1092,2019.0,,,
1093,2020.0,,,
1094,2017.0,,,
1095,2019.0,,,
1096,2016.0,,,
1097,2021.0,,,
1098,2019.0,,,
1099,2018.0,,,
1100,2020.0,,,
1101,2018.0,,,
1102,2018.0,,,
1103,2021.0,,,
1104,2017.0,,,
1105,2017.0,,,
1106,2013.0,,,
1107,2018.0,,,
1108,2014.0,,,
1109,2016.0,,,
1110,2002.0,,,
1111,2017.0,,,
1112,2020.0,,,
1113,2009.0,,,
1114,2019.0,,,
1115,2014.0,,,
1116,2017.0,,,
1117,2020.0,,,
1118,2019.0,,,
1119,1958.0,,,
1120,2011.0,,,
1121,1997.0,,,
1122,1998.0,,,
1123,2017.0,,,
1124,2016.0,,,
1125,2013.0,,,
1126,2014.0,,,
1127,2020.0,,,
1128,2008.0,,,
1129,1997.0,,,
1130,2020.0,,,
1131,2010.0,,,
1132,2022.0,,,
1133,1998.0,,,
1134,2015.0,,,
1135,2016.0,,,
1136,2020.0,,,
1137,2022.0,,,
1138,2019.0,,,
1139,2018.0,,,
1140,2014.0,,,
1141,2019.0,,,
1142,2015.0,,,
1143,2019.0,,,
1144,2021.0,,,
1145,2021.0,,,
1146,2020.0,,,
1147,2007.0,,,
1148,2010.0,,,
1149,2003.0,,,
1150,2010.0,,,
1151,2016.0,,,
1152,2010.0,,,
1153,2018.0,,,
1154,2010.0,,,
1155,2014.0,,,
1156,2015.0,,,
1157,1995.0,,,
1158,2017.0,,,
1159,2016.0,,,
1160,2018.0,,,
1161,2009.0,,,
1162,2019.0,,,
1163,2020.0,,,
1164,2021.0,,,
1165,2019.0,,,
1166,2018.0,,,
1167,2015.0,,,
1168,2010.0,,,
1169,2017.0,,,
1170,2020.0,,,
1171,2021.0,,,
1172,2020.0,,,
1173,2017.0,,,
1174,2021.0,,,
1175,2021.0,,,
1176,2019.0,,,
1177,2005.0,,,
1178,2018.0,,,
1179,2018.0,,,
1180,2018.0,,,
1181,2010.0,,,
1182,2016.0,,,
1183,2016.0,,,
1184,2019.0,,,
1185,1993.0,,,
1186,2020.0,,,
1187,2010.0,,,
1188,2022.0,,,
1189,2019.0,,,
1190,2017.0,,,
1191,2000.0,,,
1192,2021.0,,,
1193,2022.0,,,
1194,2019.0,,,
1195,2018.0,,,
1196,2019.0,,,
1197,2016.0,,,
1198,2019.0,,,
1199,2017.0,,,
1200,2018.0,,,
1201,2001.0,,,
1202,2022.0,,,
1203,2009.0,,,
1204,2021.0,,,
1205,2021.0,,,
1206,2022.0,,,
1207,2022.0,,,
1208,2020.0,,,
1209,2018.0,,,
1210,2021.0,,,
1211,2021.0,,,
1212,2020.0,,,
1213,1978.0,,,
1214,2020.0,,,
1215,2011.0,,,
1216,2017.0,,,
1217,2019.0,,,
1218,2022.0,,,
1219,2020.0,,,
1220,2018.0,,,
1221,2008.0,,,
1222,2004.0,,,
1223,2018.0,,,
1224,2016.0,,,
1225,2012.0,,,
1226,2021.0,,,
1227,2016.0,,,
1228,2021.0,,,
1229,2018.0,,,
1230,2019.0,,,
1231,2017.0,,,
1232,2021.0,,,
1233,2021.0,,,
1234,2021.0,,,
1235,2021.0,,,
1236,2021.0,,,
1237,2022.0,,,
1238,2021.0,,,
1239,2018.0,,,
1240,2016.0,,,
1241,2019.0,,,
1242,2019.0,,,
1243,2018.0,,,
1244,2020.0,,,
1245,2019.0,,,
1246,2018.0,,,
1247,2020.0,,,
1248,2020.0,,,
1249,2006.0,,,
1250,2012.0,,,
1251,2018.0,,,
1252,2019.0,,,
1253,2016.0,,,
1254,2007.0,,,
1255,2016.0,,,
1256,2018.0,,,
1257,2016.0,,,
1258,2020.0,,,
1259,2014.0,,,
1260,2018.0,,,
1261,2018.0,,,
1262,2017.0,,,
1263,2008.0,,,
1264,2015.0,,,
1265,2018.0,,,
1266,2018.0,,,
1267,,,,
1268,2022.0,,,
1269,2021.0,,,
1270,2016.0,,,
1271,,,,
1272,,,,
1273,,,,
1274,2022.0,,,
1275,2022.0,,,
1276,2022.0,,,
1277,2022.0,,,
1278,,,,
1279,,,,
1280,,,,
1281,2018.0,,,
1282,2020.0,,,
1283,,,,
1284,2015.0,,,
1285,2017.0,,,
1286,2020.0,,,
1287,,,,
1288,,,,
1289,,,,
1290,2018.0,,,
1291,2018.0,,,
1292,,,,
1293,,,,
1294,2019.0,,,
1295,2016.0,,,
1296,2020.0,,,
1297,,,,
1298,2022.0,,,
1299,2017.0,,,
1300,,,,
1301,2020.0,,,
1302,2017.0,,,
1303,,,,
1304,2021.0,,,
1305,,,,
1306,2019.0,,,
1307,,,,
1308,2021.0,,,
1309,2022.0,,,
1310,2021.0,,,
1311,2019.0,,,
1312,2020.0,,,
1313,2020.0,,,
1314,2021.0,,,
1315,2017.0,,,
1316,2019.0,,,
1317,2022.0,,,
1318,,,,
1319,2021.0,,,
1320,2021.0,,,
1321,2021.0,,,
1322,2021.0,,,
1323,2022.0,,,
1324,2021.0,,,
1325,2021.0,,,
1326,2018.0,,,
1327,2020.0,,,
1328,,,,
1329,2019.0,,,
1330,,,,
1331,,,,
1332,2020.0,,,
1333,2020.0,,,
1334,2020.0,,,
1335,2018.0,,,
1336,,,,
1337,2016.0,,,
1338,2014.0,,,
1339,2017.0,,,
1340,2008.0,,,
1341,2020.0,,,
1342,2021.0,,,
1343,2001.0,,,
1344,2020.0,,,
1345,1995.0,,,
1346,2014.0,,,
1347,2020.0,,,
1348,2002.0,,,
1349,2021.0,,,
1350,2011.0,,,
1351,1991.0,,,
1352,1984.0,,,
1353,2019.0,,,
1354,2018.0,,,
1355,2021.0,,,
1356,2021.0,,,
1357,2019.0,,,
1358,1993.0,,,
1359,2018.0,,,
1360,2022.0,,,
1361,1988.0,,,
1362,2013.0,,,
1363,1992.0,,,
1364,1999.0,,,
1365,2021.0,,,
1366,2014.0,,,
1367,2021.0,,,
1368,2000.0,,,
1369,2016.0,,,
1370,2019.0,,,
1371,2021.0,,,
1372,2000.0,,,
1373,2022.0,,,
1374,2022.0,,,
1375,2021.0,,,
1376,2006.0,,,
1377,1963.0,,,
1378,2010.0,,,
1379,2000.0,,,
1380,2015.0,,,
1381,1997.0,,,
1382,2012.0,,,
1383,2011.0,,,
1384,2018.0,,,
1385,2016.0,,,
1386,2020.0,,,
1387,2015.0,,,
1388,1975.0,,,
1389,2009.0,,,
1390,2017.0,,,
1391,2004.0,,,
1392,2016.0,,,
1393,2019.0,,,
1394,2015.0,,,
1395,2017.0,,,
1396,2020.0,,,
1397,2018.0,,,
1398,2019.0,,,
1399,2000.0,,,
1400,1978.0,,,
1401,2014.0,,,
1402,2009.0,,,
1403,1980.0,,,
1404,2013.0,,,
1405,2022.0,,,
1406,2022.0,,,
1407,2022.0,,,
1408,2022.0,,,
1409,2020.0,,,
1410,2022.0,,,
1411,2009.0,,,
1412,2022.0,,,
1413,2022.0,,,
1414,2022.0,,,
1415,2019.0,,,
1416,2021.0,,,
1417,2015.0,,,
1418,1986.0,,,
1419,2011.0,,,
1420,2006.0,,,
1421,2007.0,,,
1422,1999.0,,,
1423,2018.0,,,
1424,2002.0,,,
1425,2021.0,,,
1426,2020.0,,,
1427,2022.0,,,
1428,2022.0,,,
1429,2022.0,,,
1430,2018.0,,,
1431,2022.0,,,
1432,1999.0,,,
1433,2001.0,,,
1434,2017.0,,,
1435,2018.0,,,
1436,2020.0,,,
1437,2019.0,,,
1438,2019.0,,,
1439,2020.0,,,
1440,1984.0,,,
1441,2021.0,,,
1442,2021.0,,,
1443,1993.0,,,
1444,2018.0,,,
1445,2018.0,,,
1446,2016.0,,,
1447,2019.0,,,
1448,2017.0,,,
1449,2018.0,,,
1450,2017.0,,,
1451,2020.0,,,
1452,2022.0,,,
1453,2022.0,,,
1454,2022.0,,,
1455,2021.0,,,
1456,2022.0,,,
1457,2022.0,,,
1458,2021.0,,,
1459,2022.0,,,
1460,2022.0,,,
1461,2022.0,,,
1462,2022.0,,,
1463,2021.0,,,
1464,2022.0,,,
1465,2021.0,,,
1466,2021.0,,,
1467,2021.0,,,
1468,2022.0,,,
1469,2022.0,,,
1470,2021.0,,,
1471,2021.0,,,
1472,2022.0,,,
1473,2019.0,,,
1474,2021.0,,,
1475,2018.0,,,
1476,2022.0,,,
1477,2022.0,,,
1478,2022.0,,,
1479,2022.0,,,
1480,2022.0,,,
1481,2022.0,,,
1482,2022.0,,,
1483,2021.0,,,
1484,2020.0,,,
1485,2004.0,,,
1486,2000.0,,,
1487,2001.0,,,
1488,1998.0,,,
1489,1999.0,,,
1490,1983.0,,,
1491,2012.0,,,
1492,2012.0,,,
1493,1993.0,,,
1494,2004.0,,,
1495,2016.0,,,
1496,2021.0,,,
1497,2019.0,,,
1498,2009.0,,,
1499,2007.0,,,
1500,2003.0,,,
1501,1998.0,,,
1502,2017.0,,,
1503,2015.0,,,
1504,2017.0,,,
1505,2017.0,,,
1506,2018.0,,,
1507,2012.0,,,
1508,2000.0,,,
1509,2001.0,,,
1510,2020.0,,,
1511,2021.0,,,
1512,2014.0,,,
1513,2018.0,,,
1514,2017.0,,,
1515,2014.0,,,
1516,2016.0,,,
1517,2018.0,,,
1518,2012.0,,,
1519,2019.0,,,
1520,2010.0,,,
1521,2019.0,,,
1522,1996.0,,,
1523,2019.0,,,
1524,2008.0,,,
1525,2016.0,,,
1526,2018.0,,,
1527,2022.0,,,
1528,2020.0,,,
1529,2019.0,,,
1530,2015.0,,,
1531,2020.0,,,
1532,2019.0,,,
1533,2020.0,,,
1534,2021.0,,,
1535,2009.0,,,
1536,2019.0,,,
1537,2020.0,,,
1538,2015.0,,,
1539,2016.0,,,
1540,2021.0,,,
1541,2018.0,,,
1542,2016.0,,,
1543,2019.0,,,
1544,2019.0,,,
1545,2018.0,,,
1546,2017.0,,,
1547,2019.0,,,
1548,2018.0,,,
1549,2018.0,,,
1550,2006.0,,,
1551,2020.0,,,
1552,2004.0,,,
1553,2018.0,,,
1554,2020.0,,,
1555,2018.0,,,
1556,2008.0,,,
1557,2021.0,,,
1558,2014.0,,,
1559,2018.0,,,
1560,2013.0,,,
1561,2004.0,,,
1562,1980.0,,,
1563,2004.0,,,
1564,2017.0,,,
1565,2005.0,,,
1566,2011.0,,,
1567,2019.0,,,
1568,2021.0,,,
1569,2018.0,,,
1570,1997.0,,,
1571,2007.0,,,
1572,2019.0,,,
1573,2020.0,,,
1574,2018.0,,,
1575,2018.0,,,
1576,2021.0,,,
1577,2017.0,,,
1578,2011.0,,,
1579,2008.0,,,
1580,2021.0,,,
1581,2018.0,,,
1582,2005.0,,,
1583,2021.0,,,
1584,2013.0,,,
1585,2005.0,,,
1586,2021.0,,,
1587,2018.0,,,
1588,1995.0,,,
1589,2020.0,,,
1590,2015.0,,,
1591,2019.0,,,
1592,2020.0,,,
1593,2020.0,,,
1594,2003.0,,,
1595,2008.0,,,
1596,2014.0,,,
1597,1990.0,,,
1598,2015.0,,,
1599,2021.0,,,
1600,2021.0,,,
1601,2020.0,,,
1602,2018.0,,,
1603,2020.0,,,
1604,2019.0,,,
1605,2022.0,,,
1606,2020.0,,,
1607,2019.0,,,
1608,2020.0,,,
1609,2021.0,,,
1610,2021.0,,,
1611,2019.0,,,
1612,2020.0,,,
1613,2021.0,,,
1614,2021.0,,,
1615,2020.0,,,
1616,2021.0,,,
1617,2010.0,,,
1618,2020.0,,,
1619,2017.0,,,
1620,2012.0,,,
1621,2019.0,,,
1622,2016.0,,,
1623,2015.0,,,
1624,2020.0,,,
1625,2019.0,,,
1626,2020.0,,,
1627,2021.0,,,
1628,2016.0,,,
1629,2022.0,,,
1630,2017.0,,,
1631,2020.0,,,
1632,2014.0,,,
1633,2015.0,,,
1634,2020.0,,,
1635,2020.0,,,
1636,2022.0,,,
1637,2019.0,,,
1638,1994.0,,,
1639,2020.0,,,
1640,2022.0,,,
1641,2011.0,,,
1642,2022.0,,,
1643,2022.0,,,
1644,2022.0,,,
1645,2022.0,,,
1646,2022.0,,,
1647,2022.0,,,
1648,2022.0,,,
1649,2022.0,,,
1650,2022.0,,,
1651,2022.0,,,
1652,2021.0,,,
1653,2022.0,,,
1654,2022.0,,,
1655,2021.0,,,
1656,2022.0,,,
1657,2021.0,,,
1658,2021.0,,,
1659,2021.0,,,
1660,2022.0,,,
1661,2021.0,,,
1662,2019.0,,,
1663,2021.0,,,
1664,2016.0,,,
1665,2020.0,,,
1666,2021.0,,,
1667,1996.0,,,
1668,2021.0,,,
1669,2015.0,,,
1670,2021.0,,,
1671,2020.0,,,
1672,2021.0,,,
1673,2018.0,,,
1674,2006.0,,,
1675,2005.0,,,
1676,2020.0,,,
1677,2013.0,,,
1678,1999.0,,,
1679,2012.0,,,
1680,2008.0,,,
1681,2016.0,,,
1682,2021.0,,,
1683,2011.0,,,
1684,2015.0,,,
1685,2001.0,,,
1686,2009.0,,,
1687,2004.0,,,
1688,2010.0,,,
1689,2012.0,,,
1690,2011.0,,,
1691,2007.0,,,
1692,2010.0,,,
1693,2011.0,,,
1694,2022.0,,,
1695,2016.0,,,
1696,2019.0,,,
1697,2019.0,,,
1698,2005.0,,,
1699,2020.0,,,
1700,2018.0,,,
1701,2018.0,,,
1702,2010.0,,,
1703,2011.0,,,
1704,2020.0,,,
1705,2012.0,,,
1706,2016.0,,,
1707,2021.0,,,
1708,2003.0,,,
1709,2018.0,,,
1710,2022.0,,,
1711,2009.0,,,
1712,2021.0,,,
1713,2003.0,,,
1714,2022.0,,,
1715,2022.0,,,
1716,2022.0,,,
1717,2022.0,,,
1718,2022.0,,,
1719,2020.0,,,
1720,2022.0,,,
1721,2022.0,,,
1722,2019.0,,,
1723,2020.0,,,
1724,2022.0,,,
1725,2013.0,,,
1726,2007.0,,,
1727,2006.0,,,
1728,2019.0,,,
1729,2014.0,,,
1730,2020.0,,,
1731,2019.0,,,
1732,2021.0,,,
1733,2019.0,,,
1734,2020.0,,,
1735,2004.0,,,
1736,2013.0,,,
1737,2021.0,,,
1738,2007.0,,,
1739,2021.0,,,
1740,2004.0,,,
1741,2021.0,,,
1742,2006.0,,,
1743,2012.0,,,
1744,2006.0,,,
1745,2010.0,,,
1746,2008.0,,,
1747,2018.0,,,
1748,2009.0,,,
1749,2020.0,,,
1750,2019.0,,,
1751,2013.0,,,
1752,2013.0,,,
1753,2021.0,,,
1754,2008.0,,,
1755,2021.0,,,
1756,2019.0,,,
1757,2020.0,,,
1758,2021.0,,,
1759,2020.0,,,
1760,2015.0,,,
1761,2017.0,,,
1762,2017.0,,,
1763,2020.0,,,
1764,2018.0,,,
1765,2020.0,,,
1766,2017.0,,,
1767,2014.0,,,
1768,2021.0,,,
1769,2018.0,,,
1770,2016.0,,,
1771,2019.0,,,
1772,2022.0,,,
1773,2010.0,,,
1774,1998.0,,,
1775,2021.0,,,
1776,2020.0,,,
1777,2020.0,,,
1778,2022.0,,,
1779,2015.0,,,
1780,2017.0,,,
1781,2019.0,,,
1782,2010.0,,,
1783,2020.0,,,
1784,2016.0,,,
1785,2008.0,,,
1786,2018.0,,,
1787,2016.0,,,
1788,2008.0,,,
1789,2014.0,,,
1790,,,,
1791,2006.0,,,
1792,2018.0,,,
1793,2021.0,,,
1794,2019.0,,,
1795,2011.0,,,
1796,2004.0,,,
1797,2003.0,,,
1798,2009.0,,,
1799,2020.0,,,
1800,2011.0,,,
1801,2020.0,,,
1802,2021.0,,,
1803,2018.0,,,
1804,2020.0,,,
1805,2001.0,,,
1806,2009.0,,,
1807,2008.0,,,
1808,1995.0,,,
1809,2019.0,,,
1810,2017.0,,,
1811,2020.0,,,
1812,2019.0,,,
1813,2019.0,,,
1814,2022.0,,,
1815,2019.0,,,
1816,2022.0,,,
1817,2021.0,,,
1818,2008.0,,,
1819,2022.0,,,
1820,2022.0,,,
1821,2022.0,,,
1822,2004.0,,,
1823,2021.0,,,
1824,2017.0,,,
1825,2021.0,,,
1826,2008.0,,,
1827,2001.0,,,
1828,1995.0,,,
1829,2003.0,,,
1830,2022.0,,,
1831,2022.0,,,
1832,2022.0,,,
1833,2021.0,,,
1834,2022.0,,,
1835,2021.0,,,
1836,2022.0,,,
1837,2022.0,,,
1838,2021.0,,,
1839,2021.0,,,
1840,2021.0,,,
1841,2020.0,,,
1842,2021.0,,,
1843,2011.0,,,
1844,2005.0,,,
1845,2011.0,,,
1846,2020.0,,,
1847,2018.0,,,
1848,2004.0,,,
1849,1993.0,,,
1850,2019.0,,,
1851,2017.0,,,
1852,2019.0,,,
1853,2021.0,,,
1854,2019.0,,,
1855,2020.0,,,
1856,1998.0,,,
1857,2019.0,,,
1858,2018.0,,,
1859,2018.0,,,
1860,2018.0,,,
1861,2017.0,,,
1862,2015.0,,,
1863,2020.0,,,
1864,2006.0,,,
1865,2013.0,,,
1866,2017.0,,,
1867,2006.0,,,
1868,2019.0,,,
1869,2010.0,,,
1870,2016.0,,,
1871,2017.0,,,
1872,2021.0,,,
1873,1996.0,,,
1874,2011.0,,,
1875,2012.0,,,
1876,2016.0,,,
1877,2001.0,,,
1878,2017.0,,,
1879,2020.0,,,
1880,2004.0,,,
1881,2013.0,,,
1882,2014.0,,,
1883,2004.0,,,
1884,2020.0,,,
1885,2019.0,,,
1886,2020.0,,,
1887,2014.0,,,
1888,2019.0,,,
1889,2013.0,,,
1890,2021.0,,,
1891,2020.0,,,
1892,2017.0,,,
1893,2020.0,,,
1894,2001.0,,,
1895,2020.0,,,
1896,2018.0,,,
1897,2007.0,,,
1898,2010.0,,,
1899,1994.0,,,
1900,2001.0,,,
1901,2008.0,,,
1902,2020.0,,,
1903,2006.0,,,
1904,1999.0,,,
1905,2019.0,,,
1906,2013.0,,,
1907,2019.0,,,
1908,2005.0,,,
1909,2018.0,,,
1910,2017.0,,,
1911,2018.0,,,
1912,2021.0,,,
1913,2006.0,,,
1914,2019.0,,,
1915,2020.0,,,
1916,2021.0,,,
1917,2020.0,,,
1918,2016.0,,,
1919,2020.0,,,
1920,2018.0,,,
1921,2021.0,,,
1922,1994.0,,,
1923,2021.0,,,
1924,2021.0,,,
1925,2019.0,,,
1926,2018.0,,,
1927,1999.0,,,
1928,2009.0,,,
1929,2019.0,,,
1930,2009.0,,,
1931,2021.0,,,
1932,2022.0,,,
1933,2009.0,,,
1934,2004.0,,,
1935,2020.0,,,
1936,2018.0,,,
1937,2021.0,,,
1938,2019.0,,,
1939,2021.0,,,
1940,2005.0,,,
1941,2020.0,,,
1942,2017.0,,,
1943,2019.0,,,
1944,2020.0,,,
1945,2017.0,,,
1946,2020.0,,,
1947,2019.0,,,
1948,2020.0,,,
1949,2018.0,,,
1950,2021.0,,,
1951,2017.0,,,
1952,2021.0,,,
1953,2006.0,,,
1954,2002.0,,,
1955,2017.0,,,
1956,2016.0,,,
1957,2010.0,,,
1958,2007.0,,,
1959,2020.0,,,
1960,2020.0,,,
1961,2020.0,,,
1962,2009.0,,,
1963,2020.0,,,
1964,2021.0,,,
1965,2011.0,,,
1966,2006.0,,,
1967,2017.0,,,
1968,2017.0,,,
1969,1979.0,,,
1970,2020.0,,,
1971,2020.0,,,
1972,2015.0,,,
1973,2014.0,,,
1974,2008.0,,,
1975,2021.0,,,
1976,1995.0,,,
1977,2002.0,,,
1978,2008.0,,,
1979,2010.0,,,
1980,2021.0,,,
1981,2016.0,,,
1982,2003.0,,,
1983,2020.0,,,
1984,2016.0,,,
1985,2018.0,,,
1986,2020.0,,,
1987,2014.0,,,
1988,2012.0,,,
1989,2018.0,,,
1990,2021.0,,,
1991,2021.0,,,
1992,2018.0,,,
1993,2022.0,,,
1994,2021.0,,,
1995,2022.0,,,
1996,2021.0,,,
1997,2021.0,,,
1998,2021.0,,,
1999,2013.0,,,
2000,2018.0,,,
2001,2013.0,,,
2002,2017.0,,,
2003,2022.0,,,
2004,2016.0,,,
2005,2019.0,,,
2006,2018.0,,,
2007,1984.0,,,
2008,2007.0,,,
2009,2022.0,,,
2010,2022.0,,,
2011,2002.0,,,
2012,2015.0,,,
2013,2017.0,,,
2014,2019.0,,,
2015,2021.0,,,
2016,2013.0,,,
2017,2018.0,,,
2018,2017.0,,,
2019,1994.0,,,
2020,2018.0,,,
2021,2019.0,,,
2022,2005.0,,,
2023,2017.0,,,
2024,2021.0,,,
2025,2021.0,,,
2026,2021.0,,,
2027,2021.0,,,
2028,2021.0,,,
2029,2021.0,,,
2030,2021.0,,,
2031,2014.0,,,
2032,2020.0,,,
2033,1984.0,,,
2034,2012.0,,,
2035,2019.0,,,
2036,2017.0,,,
2037,2018.0,,,
2038,2005.0,,,
2039,2016.0,,,
2040,2017.0,,,
2041,2018.0,,,
2042,2009.0,,,
2043,2019.0,,,
2044,2021.0,,,
2045,2020.0,,,
2046,2014.0,,,
2047,2018.0,,,
2048,2018.0,,,
2049,2020.0,,,
2050,2006.0,,,
2051,2010.0,,,
2052,2019.0,,,
2053,2021.0,,,
2054,2018.0,,,
2055,2016.0,,,
2056,2021.0,,,
2057,2017.0,,,
2058,2019.0,,,
2059,2021.0,,,
2060,2020.0,,,
2061,2019.0,,,
2062,2020.0,,,
2063,2020.0,,,
2064,2020.0,,,
2065,2018.0,,,
2066,2020.0,,,
2067,2020.0,,,
2068,2013.0,,,
2069,2019.0,,,
2070,2018.0,,,
2071,2020.0,,,
2072,2017.0,,,
2073,2021.0,,,
2074,2016.0,,,
2075,2019.0,,,
2076,2018.0,,,
2077,2021.0,,,
2078,2019.0,,,
2079,2020.0,,,
2080,2020.0,,,
2081,2004.0,,,
2082,2018.0,,,
2083,1994.0,,,
2084,2020.0,,,
2085,2008.0,,,
2086,2001.0,,,
2087,2019.0,,,
2088,2019.0,,,
2089,2021.0,,,
2090,2009.0,,,
2091,2004.0,,,
2092,2010.0,,,
2093,2017.0,,,
2094,2018.0,,,
2095,2017.0,,,
2096,2016.0,,,
2097,2017.0,,,
2098,2017.0,,,
2099,1993.0,,,
2100,2007.0,,,
2101,2009.0,,,
2102,2018.0,,,
2103,2005.0,,,
2104,2009.0,,,
2105,2016.0,,,
2106,2020.0,,,
2107,2019.0,,,
2108,2007.0,,,
2109,2018.0,,,
2110,1989.0,,,
2111,1954.0,,,
2112,1986.0,,,
2113,2022.0,,,
2114,2022.0,,,
2115,2022.0,,,
2116,2022.0,,,
2117,2022.0,,,
2118,2022.0,,,
2119,2022.0,,,
2120,2022.0,,,
2121,2021.0,,,
2122,2022.0,,,
2123,2022.0,,,
2124,2021.0,,,
2125,2022.0,,,
2126,2021.0,,,
2127,2022.0,,,
2128,2022.0,,,
2129,2022.0,,,
2130,2021.0,,,
2131,2022.0,,,
2132,2022.0,,,
2133,2021.0,,,
2134,2022.0,,,
2135,2022.0,,,
2136,2022.0,,,
2137,2021.0,,,
2138,2022.0,,,
2139,2021.0,,,
2140,2022.0,,,
2141,2020.0,,,
2142,2021.0,,,
2143,2016.0,,,
2144,2020.0,,,
2145,2019.0,,,
2146,2016.0,,,
2147,2021.0,,,
2148,2008.0,,,
2149,2020.0,,,
2150,2005.0,,,
2151,1996.0,,,
2152,2021.0,,,
2153,2015.0,,,
2154,2011.0,,,
2155,2020.0,,,
2156,2001.0,,,
2157,2021.0,,,
2158,2006.0,,,
2159,2015.0,,,
2160,2012.0,,,
2161,2008.0,,,
2162,1999.0,,,
2163,2021.0,,,
2164,2012.0,,,
2165,2011.0,,,
2166,2016.0,,,
2167,2018.0,,,
2168,2010.0,,,
2169,2021.0,,,
2170,2020.0,,,
2171,2020.0,,,
2172,2007.0,,,
2173,2011.0,,,
2174,2009.0,,,
2175,2015.0,,,
2176,2010.0,,,
2177,2018.0,,,
2178,2004.0,,,
2179,2022.0,,,
2180,2020.0,,,
2181,2022.0,,,
2182,2020.0,,,
2183,2022.0,,,
2184,2022.0,,,
2185,2022.0,,,
2186,2021.0,,,
2187,2022.0,,,
2188,2022.0,,,
2189,2013.0,,,
2190,2021.0,,,
2191,2021.0,,,
2192,2020.0,,,
2193,2022.0,,,
2194,2018.0,,,
2195,2009.0,,,
2196,2013.0,,,
2197,2011.0,,,
2198,2006.0,,,
2199,2013.0,,,
2200,2007.0,,,
2201,2004.0,,,
2202,2019.0,,,
2203,2007.0,,,
2204,2017.0,,,
2205,2021.0,,,
2206,2006.0,,,
2207,2018.0,,,
2208,2019.0,,,
2209,2014.0,,,
2210,2020.0,,,
2211,2016.0,,,
2212,2019.0,,,
2213,2012.0,,,
2214,2011.0,,,
2215,2018.0,,,
2216,2020.0,,,
2217,2016.0,,,
2218,2018.0,,,
2219,2008.0,,,
2220,2018.0,,,
2221,2020.0,,,
2222,2003.0,,,
2223,2021.0,,,
2224,2009.0,,,
2225,2020.0,,,
2226,1996.0,,,
2227,2011.0,,,
2228,2016.0,,,
2229,2018.0,,,
2230,2013.0,,,
2231,2011.0,,,
2232,2017.0,,,
2233,2017.0,,,
2234,2020.0,,,
2235,2017.0,,,
2236,2019.0,,,
2237,2005.0,,,
2238,2019.0,,,
2239,2013.0,,,
2240,2008.0,,,
2241,2017.0,,,
2242,2013.0,,,
2243,2011.0,,,
2244,1999.0,,,
2245,1995.0,,,
2246,2020.0,,,
2247,2008.0,,,
2248,2020.0,,,
2249,2019.0,,,
2250,2010.0,,,
2251,2003.0,,,
2252,2000.0,,,
2253,2021.0,,,
2254,2011.0,,,
2255,2002.0,,,
2256,1994.0,,,
2257,2004.0,,,
2258,2019.0,,,
2259,2010.0,,,
2260,1996.0,,,
2261,2016.0,,,
2262,2018.0,,,
2263,2008.0,,,
2264,2015.0,,,
2265,2019.0,,,
2266,2019.0,,,
2267,2021.0,,,
2268,2019.0,,,
2269,2019.0,,,
2270,2018.0,,,
2271,2020.0,,,
2272,2019.0,,,
2273,2006.0,,,
2274,2018.0,,,
2275,2015.0,,,
2276,2018.0,,,
2277,2018.0,,,
2278,2021.0,,,
2279,2019.0,,,
2280,2018.0,,,
2281,2017.0,,,
2282,2016.0,,,
2283,2019.0,,,
2284,2019.0,,,
2285,2018.0,,,
2286,2012.0,,,
2287,2020.0,,,
2288,2021.0,,,
2289,2013.0,,,
2290,2021.0,,,
2291,2011.0,,,
2292,2007.0,,,
2293,2010.0,,,
2294,2020.0,,,
2295,2020.0,,,
2296,2021.0,,,
2297,2009.0,,,
2298,2018.0,,,
2299,2020.0,,,
2300,2019.0,,,
2301,2006.0,,,
2302,2011.0,,,
2303,2017.0,,,
2304,2020.0,,,
2305,2013.0,,,
2306,2020.0,,,
2307,2022.0,,,
2308,2013.0,,,
2309,2016.0,,,
2310,2015.0,,,
2311,1998.0,,,
2312,2016.0,,,
2313,2017.0,,,
2314,2003.0,,,
2315,2001.0,,,
2316,2017.0,,,
2317,2018.0,,,
2318,2018.0,,,
2319,2012.0,,,
2320,2018.0,,,
2321,2017.0,,,
2322,2020.0,,,
2323,2012.0,,,
2324,2000.0,,,
2325,2014.0,,,
2326,2021.0,,,
2327,2020.0,,,
2328,2019.0,,,
2329,2011.0,,,
2330,2015.0,,,
2331,2001.0,,,
2332,2018.0,,,
2333,2011.0,,,
2334,2001.0,,,
2335,2013.0,,,
2336,2019.0,,,
2337,2012.0,,,
2338,2007.0,,,
2339,2009.0,,,
2340,2016.0,,,
2341,1997.0,,,
2342,2009.0,,,
2343,2017.0,,,
2344,2015.0,,,
2345,2007.0,,,
2346,2016.0,,,
2347,2019.0,,,
2348,2014.0,,,
2349,2019.0,,,
2350,2005.0,,,
2351,2013.0,,,
2352,2020.0,,,
2353,2020.0,,,
2354,2001.0,,,
2355,2012.0,,,
2356,2021.0,,,
2357,2004.0,,,
2358,2017.0,,,
2359,2016.0,,,
2360,2018.0,,,
2361,2020.0,,,
2362,2021.0,,,
2363,2016.0,,,
2364,2020.0,,,
2365,2013.0,,,
2366,2021.0,,,
2367,2018.0,,,
2368,2013.0,,,
2369,2021.0,,,
2370,2022.0,,,
2371,2019.0,,,
2372,2022.0,,,
2373,2020.0,,,
2374,2016.0,,,
2375,2017.0,,,
2376,2020.0,,,
2377,2018.0,,,
2378,2019.0,,,
2379,2019.0,,,
2380,2014.0,,,
2381,2017.0,,,
2382,2021.0,,,
2383,2017.0,,,
2384,2018.0,,,
2385,2020.0,,,
2386,2020.0,,,
2387,2022.0,,,
2388,2020.0,,,
2389,2009.0,,,
2390,2005.0,,,
2391,2021.0,,,
2392,2020.0,,,
2393,2021.0,,,
2394,2014.0,,,
2395,2019.0,,,
2396,2021.0,,,
2397,2020.0,,,
2398,2016.0,,,
2399,2019.0,,,
2400,2018.0,,,
2401,2021.0,,,
2402,2022.0,,,
2403,2021.0,,,
2404,2019.0,,,
2405,2020.0,,,
2406,2021.0,,,
2407,2018.0,,,
2408,2017.0,,,
2409,2018.0,,,
2410,2018.0,,,
2411,2018.0,,,
2412,2018.0,,,
2413,2020.0,,,
2414,2021.0,,,
2415,2020.0,,,
2416,2011.0,,,
2417,2004.0,,,
2418,2021.0,,,
2419,2018.0,,,
2420,2018.0,,,
2421,2018.0,,,
2422,2016.0,,,
2423,2019.0,,,
2424,2006.0,,,
2425,2018.0,,,
2426,2019.0,,,
2427,2018.0,,,
2428,2021.0,,,
2429,2018.0,,,
2430,2020.0,,,
2431,2020.0,,,
2432,2019.0,,,
2433,2021.0,,,
2434,2020.0,,,
2435,2019.0,,,
2436,2020.0,,,
2437,2021.0,,,
2438,2022.0,,,
2439,2017.0,,,
2440,2018.0,,,
2441,2005.0,,,
2442,2021.0,,,
2443,2019.0,,,
2444,2019.0,,,
2445,1994.0,,,
2446,2020.0,,,
2447,2014.0,,,
2448,2020.0,,,
2449,2005.0,,,
2450,2020.0,,,
2451,2021.0,,,
2452,2015.0,,,
2453,2014.0,,,
2454,2017.0,,,
2455,2021.0,,,
2456,2017.0,,,
2457,2020.0,,,
2458,2017.0,,,
2459,2018.0,,,
2460,2017.0,,,
2461,2018.0,,,
2462,2014.0,,,
2463,2016.0,,,
2464,2015.0,,,
2465,2018.0,,,
2466,2019.0,,,
2467,2017.0,,,
2468,2019.0,,,
2469,2019.0,,,
2470,2021.0,,,
2471,2019.0,,,
2472,2020.0,,,
2473,2016.0,,,
2474,2018.0,,,
2475,2013.0,,,
2476,2005.0,,,
2477,2018.0,,,
2478,2020.0,,,
2479,2019.0,,,
2480,1997.0,,,
2481,2018.0,,,
2482,2000.0,,,
2483,2009.0,,,
2484,2020.0,,,
2485,2022.0,,,
2486,2022.0,,,
2487,2020.0,,,
2488,2022.0,,,
2489,2020.0,,,
2490,2022.0,,,
2491,2022.0,,,
2492,2022.0,,,
2493,2022.0,,,
2494,2022.0,,,
2495,2022.0,,,
2496,2022.0,,,
2497,2022.0,,,
2498,2021.0,,,
2499,2012.0,,,
2500,2020.0,,,
2501,2022.0,,,
2502,2021.0,,,
2503,2017.0,,,
2504,2021.0,,,
2505,2021.0,,,
2506,2022.0,,,
2507,2022.0,,,
2508,2021.0,,,
2509,2022.0,,,
2510,2022.0,,,
2511,2020.0,,,
2512,2019.0,,,
2513,2019.0,,,
2514,2020.0,,,
2515,2019.0,,,
2516,2022.0,,,
2517,2022.0,,,
2518,2017.0,,,
2519,2017.0,,,
2520,2021.0,,,
2521,2015.0,,,
2522,2019.0,,,
2523,2020.0,,,
2524,2020.0,,,
2525,2019.0,,,
2526,2019.0,,,
2527,2021.0,,,
2528,2019.0,,,
2529,2015.0,,,
2530,2019.0,,,
2531,2019.0,,,
2532,2018.0,,,
2533,2013.0,,,
2534,2020.0,,,
2535,2017.0,,,
2536,2022.0,,,
2537,2020.0,,,
2538,2019.0,,,
2539,1998.0,,,
2540,2016.0,,,
2541,2017.0,,,
2542,2016.0,,,
2543,2018.0,,,
2544,2021.0,,,
2545,2021.0,,,
2546,2019.0,,,
2547,2020.0,,,
2548,1977.0,,,
2549,2018.0,,,
2550,2021.0,,,
2551,2019.0,,,
2552,2019.0,,,
2553,2017.0,,,
2554,2017.0,,,
2555,2019.0,,,
2556,2018.0,,,
2557,2021.0,,,
2558,2021.0,,,
2559,2021.0,,,
2560,2021.0,,,
2561,2020.0,,,
2562,2016.0,,,
2563,2018.0,,,
2564,2019.0,,,
2565,2021.0,,,
2566,2022.0,,,
2567,2021.0,,,
2568,2020.0,,,
2569,2021.0,,,
2570,2019.0,,,
2571,2020.0,,,
2572,2019.0,,,
2573,2018.0,,,
2574,2019.0,,,
2575,2016.0,,,
2576,2021.0,,,
2577,2017.0,,,
2578,2021.0,,,
2579,2018.0,,,
2580,2021.0,,,
2581,2020.0,,,
2582,2019.0,,,
2583,2018.0,,,
2584,2022.0,,,
2585,2017.0,,,
2586,2020.0,,,
2587,2019.0,,,
2588,2020.0,,,
2589,2019.0,,,
2590,2020.0,,,
2591,2018.0,,,
2592,2021.0,,,
2593,2020.0,,,
2594,2020.0,,,
2595,2021.0,,,
2596,2015.0,,,
2597,2016.0,,,
2598,2017.0,,,
2599,2020.0,,,
2600,2018.0,,,
2601,2020.0,,,
2602,2014.0,,,
2603,2021.0,,,
2604,2016.0,,,
2605,2016.0,,,
2606,2018.0,,,
2607,2019.0,,,
2608,2022.0,,,
2609,2020.0,,,
2610,2007.0,,,
2611,2001.0,,,
2612,1994.0,,,
2613,2022.0,,,
2614,2018.0,,,
2615,2008.0,,,
2616,2012.0,,,
2617,2001.0,,,
2618,2015.0,,,
2619,2017.0,,,
2620,2012.0,,,
2621,2001.0,,,
2622,1998.0,,,
2623,2018.0,,,
2624,2018.0,,,
2625,2020.0,,,
2626,2022.0,,,
2627,2010.0,,,
2628,2004.0,,,
2629,2020.0,,,
2630,2012.0,,,
2631,1988.0,,,
2632,2001.0,,,
2633,2010.0,,,
2634,2008.0,,,
2635,1989.0,,,
2636,2019.0,,,
2637,2014.0,,,
2638,1995.0,,,
2639,1986.0,,,
2640,1994.0,,,
2641,2002.0,,,
2642,1997.0,,,
2643,2019.0,,,
2644,2015.0,,,
2645,2020.0,,,
2646,1991.0,,,
2647,2017.0,,,
2648,2005.0,,,
2649,1999.0,,,
2650,2010.0,,,
2651,1993.0,,,
2652,2007.0,,,
2653,2019.0,,,
2654,2008.0,,,
2655,1999.0,,,
2656,2007.0,,,
2657,1995.0,,,
2658,2011.0,,,
2659,1997.0,,,
2660,2018.0,,,
2661,1963.0,,,
2662,2005.0,,,
2663,2003.0,,,
2664,2015.0,,,
2665,2004.0,,,
2666,2017.0,,,
2667,1997.0,,,
2668,1995.0,,,
2669,2005.0,,,
2670,2020.0,,,
2671,2017.0,,,
2672,2015.0,,,
2673,2021.0,,,
2674,2021.0,,,
2675,2022.0,,,
2676,2020.0,,,
2677,2017.0,,,
2678,2019.0,,,
2679,2009.0,,,
2680,1983.0,,,
2681,2004.0,,,
2682,2007.0,,,
2683,2021.0,,,
2684,1961.0,,,
2685,2002.0,,,
2686,2009.0,,,
2687,2018.0,,,
2688,2008.0,,,
2689,2019.0,,,
2690,2021.0,,,
2691,2008.0,,,
2692,2020.0,,,
2693,1984.0,,,
2694,2018.0,,,
2695,2019.0,,,
2696,2004.0,,,
2697,2010.0,,,
2698,2016.0,,,
2699,2016.0,,,
2700,2014.0,,,
2701,2016.0,,,
2702,2005.0,,,
2703,2019.0,,,
2704,1993.0,,,
2705,2017.0,,,
2706,1998.0,,,
2707,2013.0,,,
2708,1997.0,,,
2709,2019.0,,,
2710,2021.0,,,
2711,2018.0,,,
2712,2019.0,,,
2713,2021.0,,,
2714,2019.0,,,
2715,2006.0,,,
2716,2013.0,,,
2717,2019.0,,,
2718,2000.0,,,
2719,2018.0,,,
2720,2015.0,,,
2721,2017.0,,,
2722,2019.0,,,
2723,2019.0,,,
2724,2017.0,,,
2725,2002.0,,,
2726,2019.0,,,
2727,2010.0,,,
2728,2021.0,,,
